Name,20-Mar-20,21-Mar-20,22-Mar-20,23-Mar-20,24-Mar-20,25-Mar-20,26-Mar-20,27-Mar-20,28-Mar-20,29-Mar-20,30-Mar-20,31-Mar-20,01-Apr-20,02-Apr-20,03-Apr-20,04-Apr-20,05-Apr-20,06-Apr-20,07-Apr-20,08-Apr-20,09-Apr-20,10-Apr-20,11-Apr-20,12-Apr-20,13-Apr-20,14-Apr-20,15-Apr-20,16-Apr-20,17-Apr-20,18-Apr-20,19-Apr-20,20-Apr-20,21-Apr-20,22-Apr-20,23-Apr-20,24-Apr-20,25-Apr-20,26-Apr-20,27-Apr-20,28-Apr-20,29-Apr-20,30-Apr-20,01-May-20,02-May-20,03-May-20,04-May-20,05-May-20,06-May-20,07-May-20,08-May-20,09-May-20,10-May-20,11-May-20,12-May-20,13-May-20,14-May-20,15-May-20,16-May-20,17-May-20,18-May-20,19-May-20,20-May-20,21-May-20,22-May-20,23-May-20,24-May-20,25-May-20,26-May-20,27-May-20,28-May-20,29-May-20,30-May-20,31-May-20,01-Jun-20,02-Jun-20,03-Jun-20,04-Jun-20,05-Jun-20,06-Jun-20,07-Jun-20,08-Jun-20,09-Jun-20,10-Jun-20,11-Jun-20,12-Jun-20,13-Jun-20,14-Jun-20,15-Jun-20,16-Jun-20,17-Jun-20,18-Jun-20,19-Jun-20,20-Jun-20,21-Jun-20,22-Jun-20,23-Jun-20,24-Jun-20,25-Jun-20,26-Jun-20,27-Jun-20,28-Jun-20,29-Jun-20,30-Jun-20,01-Jul-20,02-Jul-20,03-Jul-20,04-Jul-20,05-Jul-20,06-Jul-20,07-Jul-20,08-Jul-20,09-Jul-20,10-Jul-20,11-Jul-20,12-Jul-20,13-Jul-20,14-Jul-20,15-Jul-20,16-Jul-20,17-Jul-20,18-Jul-20,19-Jul-20,20-Jul-20,21-Jul-20,22-Jul-20,23-Jul-20,24-Jul-20,25-Jul-20,26-Jul-20,27-Jul-20,28-Jul-20,29-Jul-20,30-Jul-20,31-Jul-20,01-Aug-20,02-Aug-20,03-Aug-20,04-Aug-20,05-Aug-20,06-Aug-20,07-Aug-20,08-Aug-20,09-Aug-20,10-Aug-20,11-Aug-20,12-Aug-20,13-Aug-20,14-Aug-20,15-Aug-20,16-Aug-20,17-Aug-20,18-Aug-20,19-Aug-20,20-Aug-20,21-Aug-20,22-Aug-20,23-Aug-20,24-Aug-20,25-Aug-20,26-Aug-20,27-Aug-20,28-Aug-20,29-Aug-20,30-Aug-20,31-Aug-20,01-Sep-20,02-Sep-20,03-Sep-20,04-Sep-20,05-Sep-20,06-Sep-20,07-Sep-20,08-Sep-20,09-Sep-20,10-Sep-20,11-Sep-20,12-Sep-20,13-Sep-20,14-Sep-20,15-Sep-20,16-Sep-20,17-Sep-20,18-Sep-20,19-Sep-20,20-Sep-20,21-Sep-20,22-Sep-20,23-Sep-20,24-Sep-20,25-Sep-20,26-Sep-20,27-Sep-20,28-Sep-20,29-Sep-20,30-Sep-20,01-Oct-20,02-Oct-20,03-Oct-20,04-Oct-20,05-Oct-20,06-Oct-20,07-Oct-20,08-Oct-20,09-Oct-20,10-Oct-20,11-Oct-20,12-Oct-20,13-Oct-20,14-Oct-20,15-Oct-20,16-Oct-20,17-Oct-20,18-Oct-20,19-Oct-20,20-Oct-20,21-Oct-20,22-Oct-20,23-Oct-20,24-Oct-20,25-Oct-20,26-Oct-20,27-Oct-20,28-Oct-20,29-Oct-20,30-Oct-20,31-Oct-20,01-Nov-20,02-Nov-20,03-Nov-20,04-Nov-20,05-Nov-20,06-Nov-20,07-Nov-20,08-Nov-20,09-Nov-20,10-Nov-20,11-Nov-20,12-Nov-20,13-Nov-20,14-Nov-20,15-Nov-20,16-Nov-20,17-Nov-20,18-Nov-20,19-Nov-20,20-Nov-20,21-Nov-20,22-Nov-20,23-Nov-20,24-Nov-20,25-Nov-20,26-Nov-20,27-Nov-20,28-Nov-20,29-Nov-20,30-Nov-20,01-Dec-20,02-Dec-20,03-Dec-20,04-Dec-20,05-Dec-20,06-Dec-20,07-Dec-20,08-Dec-20,09-Dec-20,10-Dec-20,11-Dec-20,12-Dec-20,13-Dec-20,14-Dec-20,15-Dec-20,16-Dec-20,17-Dec-20,18-Dec-20,19-Dec-20,20-Dec-20,21-Dec-20,22-Dec-20,23-Dec-20,24-Dec-20,25-Dec-20,26-Dec-20,27-Dec-20,28-Dec-20,29-Dec-20,30-Dec-20,31-Dec-20,01-Jan-21,02-Jan-21,03-Jan-21,04-Jan-21,05-Jan-21,06-Jan-21,07-Jan-21,08-Jan-21,09-Jan-21,10-Jan-21,11-Jan-21,12-Jan-21,13-Jan-21,14-Jan-21,15-Jan-21,16-Jan-21,17-Jan-21,18-Jan-21,19-Jan-21,20-Jan-21,21-Jan-21,22-Jan-21,23-Jan-21,24-Jan-21,25-Jan-21,26-Jan-21,27-Jan-21,28-Jan-21,29-Jan-21,30-Jan-21,31-Jan-21,01-Feb-21,02-Feb-21,03-Feb-21,04-Feb-21,05-Feb-21,06-Feb-21,07-Feb-21,08-Feb-21,09-Feb-21,10-Feb-21,11-Feb-21,12-Feb-21,13-Feb-21,14-Feb-21,15-Feb-21,16-Feb-21,17-Feb-21,18-Feb-21,19-Feb-21,20-Feb-21,21-Feb-21,22-Feb-21,23-Feb-21,24-Feb-21,25-Feb-21,26-Feb-21,27-Feb-21,28-Feb-21,01-Mar-21,02-Mar-21,03-Mar-21,04-Mar-21,05-Mar-21,06-Mar-21,07-Mar-21,08-Mar-21,09-Mar-21,10-Mar-21,11-Mar-21,12-Mar-21,13-Mar-21,14-Mar-21,15-Mar-21,16-Mar-21,17-Mar-21,18-Mar-21,19-Mar-21,20-Mar-21,21-Mar-21,22-Mar-21,23-Mar-21,24-Mar-21,25-Mar-21,26-Mar-21,27-Mar-21,28-Mar-21,29-Mar-21,30-Mar-21,31-Mar-21,01-Apr-21,02-Apr-21,03-Apr-21,04-Apr-21,05-Apr-21,06-Apr-21,07-Apr-21,08-Apr-21,09-Apr-21,10-Apr-21,11-Apr-21,12-Apr-21,13-Apr-21,14-Apr-21,15-Apr-21,16-Apr-21,17-Apr-21,18-Apr-21,19-Apr-21,20-Apr-21,21-Apr-21,22-Apr-21,23-Apr-21,24-Apr-21,25-Apr-21,26-Apr-21,27-Apr-21,28-Apr-21,29-Apr-21,30-Apr-21,01-May-21,02-May-21,03-May-21,04-May-21,05-May-21,06-May-21,07-May-21,08-May-21,09-May-21,10-May-21,11-May-21,12-May-21,13-May-21,14-May-21,15-May-21,16-May-21,17-May-21,18-May-21,19-May-21,20-May-21,21-May-21,22-May-21,23-May-21,24-May-21,25-May-21,26-May-21,27-May-21,28-May-21,29-May-21,30-May-21,31-May-21,01-Jun-21,02-Jun-21,03-Jun-21,04-Jun-21,05-Jun-21,06-Jun-21,07-Jun-21,08-Jun-21,09-Jun-21,10-Jun-21,11-Jun-21,12-Jun-21,13-Jun-21,14-Jun-21,15-Jun-21,16-Jun-21,17-Jun-21,18-Jun-21,19-Jun-21,20-Jun-21,21-Jun-21,22-Jun-21,23-Jun-21,24-Jun-21,25-Jun-21,26-Jun-21,27-Jun-21,28-Jun-21,29-Jun-21,30-Jun-21,01-Jul-21,02-Jul-21,03-Jul-21,04-Jul-21,05-Jul-21,06-Jul-21,07-Jul-21,08-Jul-21,09-Jul-21,10-Jul-21,11-Jul-21,12-Jul-21,13-Jul-21,14-Jul-21,15-Jul-21,16-Jul-21,17-Jul-21,18-Jul-21,19-Jul-21,20-Jul-21,21-Jul-21,22-Jul-21,23-Jul-21,24-Jul-21,25-Jul-21,26-Jul-21,27-Jul-21,28-Jul-21,29-Jul-21,30-Jul-21,31-Jul-21,01-Aug-21,02-Aug-21,03-Aug-21,04-Aug-21,05-Aug-21,06-Aug-21,07-Aug-21,08-Aug-21,09-Aug-21,10-Aug-21,11-Aug-21,12-Aug-21,13-Aug-21,14-Aug-21,15-Aug-21,16-Aug-21,17-Aug-21,18-Aug-21,19-Aug-21,20-Aug-21,21-Aug-21,22-Aug-21,23-Aug-21,24-Aug-21,25-Aug-21,26-Aug-21,27-Aug-21,28-Aug-21,29-Aug-21,30-Aug-21,31-Aug-21,01-Sep-21,02-Sep-21,03-Sep-21,04-Sep-21,05-Sep-21,06-Sep-21,07-Sep-21,08-Sep-21,09-Sep-21,10-Sep-21,11-Sep-21,12-Sep-21,13-Sep-21,14-Sep-21,15-Sep-21,16-Sep-21,17-Sep-21,18-Sep-21,19-Sep-21,20-Sep-21,21-Sep-21,22-Sep-21,23-Sep-21,24-Sep-21,25-Sep-21,26-Sep-21,27-Sep-21,28-Sep-21,29-Sep-21,30-Sep-21,01-Oct-21,02-Oct-21,03-Oct-21,04-Oct-21,05-Oct-21,06-Oct-21,07-Oct-21,08-Oct-21,09-Oct-21,10-Oct-21,11-Oct-21,12-Oct-21,13-Oct-21,14-Oct-21,15-Oct-21,16-Oct-21,17-Oct-21,18-Oct-21,19-Oct-21,20-Oct-21,21-Oct-21,22-Oct-21,23-Oct-21,24-Oct-21,25-Oct-21,26-Oct-21,27-Oct-21,28-Oct-21,29-Oct-21,30-Oct-21,31-Oct-21,01-Nov-21,02-Nov-21,03-Nov-21,04-Nov-21,05-Nov-21,06-Nov-21,07-Nov-21,08-Nov-21,09-Nov-21,10-Nov-21,11-Nov-21,12-Nov-21,13-Nov-21,14-Nov-21,15-Nov-21,16-Nov-21,17-Nov-21,18-Nov-21,19-Nov-21,20-Nov-21,21-Nov-21,22-Nov-21,23-Nov-21,24-Nov-21,25-Nov-21,26-Nov-21,27-Nov-21,28-Nov-21,29-Nov-21,30-Nov-21,01-Dec-21,02-Dec-21,03-Dec-21,04-Dec-21,05-Dec-21,06-Dec-21,07-Dec-21,08-Dec-21,09-Dec-21,10-Dec-21,11-Dec-21,12-Dec-21,13-Dec-21,14-Dec-21,15-Dec-21,16-Dec-21,17-Dec-21,18-Dec-21,19-Dec-21,20-Dec-21,21-Dec-21,22-Dec-21,23-Dec-21,24-Dec-21,25-Dec-21,26-Dec-21,27-Dec-21,28-Dec-21,29-Dec-21,30-Dec-21,31-Dec-21,01-Jan-22,02-Jan-22,03-Jan-22,04-Jan-22,05-Jan-22,06-Jan-22,07-Jan-22,08-Jan-22,09-Jan-22,10-Jan-22,11-Jan-22,12-Jan-22,13-Jan-22,14-Jan-22,15-Jan-22,16-Jan-22,17-Jan-22,18-Jan-22,19-Jan-22,20-Jan-22,21-Jan-22,22-Jan-22,23-Jan-22,24-Jan-22,25-Jan-22,26-Jan-22,27-Jan-22,28-Jan-22,29-Jan-22,30-Jan-22,31-Jan-22,01-Feb-22,02-Feb-22,03-Feb-22,04-Feb-22,05-Feb-22,06-Feb-22,07-Feb-22,08-Feb-22,09-Feb-22,10-Feb-22,11-Feb-22,12-Feb-22,13-Feb-22,14-Feb-22,15-Feb-22,16-Feb-22,17-Feb-22,18-Feb-22,19-Feb-22,20-Feb-22,21-Feb-22,22-Feb-22,23-Feb-22,24-Feb-22,25-Feb-22,26-Feb-22,27-Feb-22,28-Feb-22,01-Mar-22,02-Mar-22,03-Mar-22,04-Mar-22,05-Mar-22,06-Mar-22,07-Mar-22,08-Mar-22,09-Mar-22,10-Mar-22,11-Mar-22,12-Mar-22,13-Mar-22,14-Mar-22,15-Mar-22,16-Mar-22,17-Mar-22,18-Mar-22,19-Mar-22,20-Mar-22,21-Mar-22,22-Mar-22,23-Mar-22,24-Mar-22,25-Mar-22,26-Mar-22,27-Mar-22,28-Mar-22,29-Mar-22,30-Mar-22,31-Mar-22,01-Apr-22,02-Apr-22,03-Apr-22,04-Apr-22,05-Apr-22,06-Apr-22,07-Apr-22
ENGLAND,"1,580","2,152","2,670","3,183","3,598","4,402","5,226","6,462","7,269","8,424","9,852","11,154","12,059","12,135","13,635","15,469","16,657","17,154","17,814","18,152","17,826","18,669","18,604","18,974","18,621","18,552","17,934","17,783","16,728","16,850","16,928","16,654","16,517","16,018","15,402","14,642","14,202","14,174","14,255","13,565","13,224","12,922","12,623","12,314","12,119","12,020","11,754","11,227","10,726","10,249","10,176","9,893","10,109","9,791","9,602","9,231","9,079","8,643","8,611","8,668","8,518","8,115","7,903","7,761","7,428","7,415","7,448","7,305","6,836","6,528","6,250","5,972","5,933","5,954","5,827","5,600","5,398","5,213","5,004","4,820","4,830","4,665","4,447","4,179","4,136","4,000","3,973","3,920","3,934","3,826","3,681","3,575","3,423","3,373","3,417","3,288","3,223","3,066","2,859","2,819","2,818","3,024","2,665","2,509","2,410","2,294","2,152","2,100","2,099","2,010","1,888","1,801","1,746","1,640","1,611","1,612","1,506","1,489","1,348","1,346","1,321","1,301","1,278","1,188","1,305","1,095","1,018",977,965,945,944,927,898,870,879,847,842,807,805,756,711,650,611,714,672,642,652,642,630,634,626,597,571,551,528,594,522,522,500,485,492,469,478,479,495,496,451,468,474,471,483,555,535,557,572,622,663,691,812,891,929,984,"1,020","1,081","1,174","1,299","1,378","1,439","1,546","1,686","1,689","1,793","1,955","1,954","2,036","2,069","2,180","2,290","2,435","2,705","2,903","3,066","3,179","3,238","3,369","3,604","3,827","4,105","4,313","4,569","4,854","5,029","5,202","5,644","6,072","6,271","6,345","6,842","7,176","7,612","7,856","8,595","9,070","9,127","9,295","9,782","9,623","10,397","10,971","11,037","10,994","11,181","11,514","11,680","12,259","12,033","12,730","12,967","13,328","13,399","13,886","14,313","14,411","14,490","14,479","14,236","14,118","14,354","14,712","14,506","14,240","13,908","13,754","13,208","13,521","13,756","13,507","13,212","12,896","12,987","12,968","13,189","13,616","13,629","13,467","13,796","13,901","13,927","14,460","15,053","15,031","15,465","15,741","15,866","16,183","16,633","17,709","18,063","17,834","18,227","17,701","18,350","19,277","20,426","21,787","22,713","22,728","22,534","23,557","24,957","26,626","26,467","27,727","28,246","29,346","29,462","30,758","32,070","32,202","32,689","32,925","33,362","32,923","33,352","34,336","34,015","33,886","33,235","33,412","32,614","32,907","32,938","32,337","30,846","30,333","29,359","28,571","28,112","28,539","27,397","26,374","25,334","24,402","23,042","22,991","23,020","22,067","20,926","19,983","19,009","17,694","17,787","17,730","17,093","16,458","15,633","15,018","14,316","14,142","14,137","13,511","13,007","12,449","11,781","11,090","10,663","10,765","10,121","9,594","9,092","8,594","8,021","7,812","7,847","7,451","6,975","6,687","6,391","6,072","6,039","5,976","5,664","5,397","5,083","4,841","4,589","4,492","4,501","4,245","4,005","3,763","3,712","3,676","3,438","3,466","3,283","3,084","2,928","2,784","2,677","2,672","2,680","2,588","2,486","2,382","2,321","2,190","2,096","2,108","2,057","1,972","1,885","1,844","1,735","1,691","1,732","1,649","1,609","1,523","1,478","1,401","1,377","1,393","1,310","1,278","1,235","1,161","1,071","1,082","1,096","1,093","1,032",976,973,948,933,944,921,907,845,818,810,801,798,749,757,749,766,730,756,797,765,745,742,743,748,755,773,776,801,779,805,782,807,860,879,876,906,884,915,947,993,"1,030","1,057","1,122","1,170","1,143","1,168","1,290","1,301","1,255","1,274","1,284","1,276","1,331","1,465","1,445","1,500","1,560","1,611","1,636","1,744","1,888","1,998","2,144","2,209","2,352","2,429","2,564","2,798","2,970","3,110","3,241","3,367","3,442","3,546","3,813","3,894","4,063","4,230","4,401","4,476","4,725","5,055","5,163","5,182","5,056","5,111","5,057","5,090","5,309","5,116","4,944","4,894","4,879","4,817","4,939","5,098","5,096","5,073","5,029","5,076","4,973","5,115","5,429","5,437","5,514","5,554","5,576","5,575","5,749","6,000","5,911","5,922","5,893","5,889","5,756","5,855","6,002","6,293","6,236","6,186","6,195","6,043","6,167","6,375","6,244","6,302","6,254","6,400","6,206","6,253","6,424","6,344","6,306","6,081","5,910","5,688","5,695","5,727","5,543","5,406","5,214","5,036","5,100","4,949","5,121","5,126","5,017","4,916","4,799","4,652","4,778","4,909","5,006","5,009","4,962","4,975","4,921","5,077","5,206","5,213","5,246","5,289","5,363","5,385","5,623","5,938","6,099","6,299","6,366","6,405","6,386","6,515","6,801","6,883","6,951","7,019","7,113","7,155","7,311","7,535","7,510","7,291","7,201","7,072","6,874","6,910","7,075","7,053","6,961","6,861","6,777","6,639","6,707","6,864","6,623","6,412","6,336","6,310","6,191","6,322","6,424","6,257","6,062","6,068","5,992","5,852","5,890","6,094","6,123","5,829","5,915","5,851","5,784","5,903","5,992","6,027","6,053","6,130","6,088","6,095","6,223","6,395","6,434","6,358","6,405","6,321","6,287","6,434","6,688","6,902","7,080","7,114","7,366","7,166","7,536","8,474","9,546","10,462","11,452","12,395","12,615","13,151","14,210","15,044","15,659","16,058","16,163","16,034","16,399","17,120","16,939","16,881","16,716","16,537","16,281","16,372","16,621","16,218","15,742","15,302","14,865","14,320","14,334","14,563","14,088","13,948","13,651","13,462","12,672","12,992","13,331","12,896","12,577","12,423","12,032","11,604","11,529","11,710","11,471","11,071","10,734","10,367","10,010","10,049","10,273","10,019","9,804","9,600","9,258","9,187","9,058","9,229","8,948","8,868","8,645","8,498","8,197","8,305","8,538","8,486","8,402","8,210","8,403","8,400","8,502","8,923","9,176","9,163","9,241","9,369","9,618","9,908","10,576","10,877","11,010","11,346","11,595","11,638","12,070","12,753","13,060","13,248","13,602","13,842","13,796","14,465","15,170","15,411","15,632","15,648","15,966","15,739","15,989","16,466","16,552","16,587","16,600"
,,,,,,,,,,,,,,,,,,,,,,,,,,,,,,,,,,,,,,,,,,,,,,,,,,,,,,,,,,,,,,,,,,,,,,,,,,,,,,,,,,,,,,,,,,,,,,,,,,,,,,,,,,,,,,,,,,,,,,,,,,,,,,,,,,,,,,,,,,,,,,,,,,,,,,,,,,,,,,,,,,,,,,,,,,,,,,,,,,,,,,,,,,,,,,,,,,,,,,,,,,,,,,,,,,,,,,,,,,,,,,,,,,,,,,,,,,,,,,,,,,,,,,,,,,,,,,,,,,,,,,,,,,,,,,,,,,,,,,,,,,,,,,,,,,,,,,,,,,,,,,,,,,,,,,,,,,,,,,,,,,,,,,,,,,,,,,,,,,,,,,,,,,,,,,,,,,,,,,,,,,,,,,,,,,,,,,,,,,,,,,,,,,,,,,,,,,,,,,,,,,,,,,,,,,,,,,,,,,,,,,,,,,,,,,,,,,,,,,,,,,,,,,,,,,,,,,,,,,,,,,,,,,,,,,,,,,,,,,,,,,,,,,,,,,,,,,,,,,,,,,,,,,,,,,,,,,,,,,,,,,,,,,,,,,,,,,,,,,,,,,,,,,,,,,,,,,,,,,,,,,,,,,,,,,,,,,,,,,,,,,,,,,,,,,,,,,,,,,,,,,,,,,,,,,,,,,,,,,,,,,,,,,,,,,,,,,,,,,,,,,,,,,,,,,,,,,,,,,,,,,,,,,,,,,,,,,,,,,,,,,,,,,,,,,,,,,,,,,,,,,,,,,,,,,,,,,,,,,,,,,,,,,,,,,,,,,,,,,,,,,,,,,,,,
East of England,59,74,95,133,154,196,295,341,429,482,628,793,833,841,914,988,"1,230","1,220","1,431","1,435","1,411","1,500","1,497","1,679","1,471","1,592","1,621","1,577","1,534","1,529","1,579","1,587","1,544","1,511","1,472","1,404","1,384","1,422","1,413","1,389","1,319","1,253","1,211","1,190","1,223","1,138","1,160","1,106","1,084","1,022","1,032","1,076","1,069","1,049","1,014",979,952,916,934,924,913,888,866,831,816,795,798,755,737,701,603,622,597,614,574,547,503,490,503,453,457,405,390,376,364,364,348,318,363,387,363,393,352,348,369,335,346,327,313,289,288,291,264,248,231,242,220,224,227,224,222,212,199,171,171,176,162,169,126,142,144,143,143,113,116,100,105,91,105,100,94,92,82,77,85,80,73,69,70,72,60,59,59,63,61,56,57,52,60,54,57,47,49,47,40,34,31,35,28,37,29,30,30,30,31,31,31,31,30,25,27,27,25,31,27,15,20,21,25,35,40,42,37,39,38,41,42,37,41,45,52,64,76,89,86,79,93,101,98,115,119,128,119,135,135,140,149,166,183,217,223,241,241,277,295,314,334,343,356,406,419,454,474,476,501,505,527,555,598,595,611,620,608,636,650,672,709,718,767,783,820,856,891,881,889,895,904,902,956,977,957,969,969,961,948,991,997,"1,014","1,035","1,072","1,064","1,108","1,149","1,155","1,194","1,301","1,327","1,407","1,432","1,506","1,502","1,734","1,770","1,802","1,943","1,954","2,163","2,205","2,085","2,186","2,162","2,269","2,375","2,524","2,922","3,111","2,788","2,910","3,236","3,395","3,623","3,520","3,802","3,887","4,013","4,012","4,112","4,219","4,260","4,306","4,303","4,266","4,121","4,177","4,244","3,996","4,068","4,078","4,055","3,921","4,009","4,044","3,924","3,811","3,689","3,542","3,297","3,393","3,385","3,060","3,101","3,052","2,909","2,711","2,753","2,714","2,591","2,437","2,262","2,140","2,014","1,958","1,959","1,886","1,780","1,679","1,536","1,530","1,504","1,521","1,474","1,418","1,344","1,239","1,163","1,113","1,100","1,032",964,927,864,786,756,781,709,669,607,588,575,562,566,532,497,466,449,421,408,414,382,362,345,306,290,279,279,260,237,212,196,190,203,200,198,200,189,194,182,178,189,183,181,168,182,171,167,176,181,178,170,162,138,141,143,140,128,127,121,101,97,89,92,90,83,70,71,69,72,67,66,63,60,59,59,56,47,43,44,40,39,40,43,39,38,32,37,48,51,51,49,49,49,53,57,63,62,68,57,55,49,55,52,51,47,52,57,60,58,53,67,67,66,65,69,75,77,82,86,83,79,82,86,86,101,98,105,102,108,113,117,142,151,154,164,181,184,206,242,254,277,299,302,284,340,377,354,369,372,361,416,401,381,362,340,326,354,342,359,384,392,395,402,406,408,418,452,467,455,464,465,464,457,499,502,494,492,491,488,510,521,547,535,532,531,503,516,551,547,544,487,546,539,526,550,545,527,512,473,459,458,482,456,442,414,390,373,371,379,371,366,373,384,350,345,379,367,359,346,358,356,368,408,440,442,446,461,455,476,546,567,584,615,612,570,626,684,685,701,693,723,727,714,804,798,762,764,747,739,747,783,782,774,724,716,693,702,719,686,634,625,637,614,620,643,609,574,579,583,566,569,588,561,558,531,527,516,524,550,553,558,569,576,584,599,641,654,620,622,603,567,586,607,630,630,658,672,645,681,809,878,925,"1,030","1,083",969,"1,199","1,250","1,338","1,402","1,409","1,440","1,427","1,440","1,497","1,467","1,452","1,470","1,383","1,361","1,396","1,383","1,347","1,363","1,323","1,286","1,259","1,275","1,296","1,272","1,242","1,239","1,216","1,122","1,184","1,248","1,215","1,179","1,172","1,145","1,116","1,092","1,101","1,089","1,068","1,033",993,945,968,"1,016",975,944,897,897,887,893,918,912,889,873,885,817,827,912,935,933,925,934,919,943,981,"1,052",998,"1,058","1,067","1,120","1,135","1,201","1,240","1,248","1,289","1,336","1,340","1,402","1,484","1,596","1,539","1,585","1,633","1,571","1,634","1,683","1,739","1,702","1,738","1,692","1,697","1,701","1,721","1,805","1,779","1,810"
London,841,"1,081","1,266","1,559","1,705","2,051","2,244","2,829","3,114","3,464","3,638","4,073","4,219","4,168","4,092","4,691","4,869","5,058","5,025","5,198","4,604","5,168","4,910","4,931","4,799","4,621","4,509","4,395","4,219","3,993","4,021","3,940","3,922","3,768","3,510","3,281","3,198","3,115","3,117","2,794","2,811","2,703","2,596","2,432","2,390","2,328","2,270","2,154","2,086","1,955","1,971","1,889","1,880","1,827","1,777","1,667","1,625","1,552","1,454","1,496","1,390","1,247","1,224","1,240","1,165","1,160","1,174","1,144","1,091","1,029","1,002",915,891,862,855,813,795,783,707,691,701,707,675,620,568,540,531,503,539,508,494,466,466,446,453,452,477,439,423,408,392,398,386,334,320,316,293,288,291,284,269,265,255,206,247,247,229,212,191,187,179,179,180,175,173,165,147,108,139,133,127,131,134,128,126,120,122,118,111,113,105,126,107,107,105,111,104,103,100,100,107,98,90,89,84,79,84,85,81,83,86,82,73,78,81,88,84,87,86,90,87,98,100,96,98,115,98,100,123,136,137,147,150,161,171,190,210,210,219,230,200,224,267,275,278,275,276,280,287,326,320,350,343,348,341,365,389,442,430,439,490,502,542,594,610,633,606,698,722,762,815,889,933,921,945,963,"1,032","1,067","1,111","1,132","1,102","1,085","1,108","1,114","1,210","1,211","1,223","1,269","1,298","1,357","1,390","1,474","1,520","1,519","1,551","1,576","1,591","1,605","1,675","1,626","1,611","1,643","1,674","1,635","1,663","1,677","1,701","1,637","1,685","1,659","1,710","1,766","1,822","1,849","1,787","1,934","2,031","2,092","2,212","2,330","2,482","2,543","2,607","2,726","2,909","3,067","3,367","3,559","3,578","3,966","4,019","4,276","4,591","4,957","5,371","5,524","5,685","5,511","5,861","6,358","6,733","6,816","7,034","7,231","7,277","7,224","7,494","7,799","7,606","7,686","7,840","7,811","7,571","7,707","7,917","7,711","7,588","7,332","7,298","7,044","7,030","7,014","6,785","6,272","6,393","6,064","5,918","5,654","5,881","5,723","5,462","5,212","5,066","4,787","4,729","4,743","4,574","4,279","4,079","3,882","3,562","3,595","3,603","3,500","3,292","3,059","3,048","2,803","2,734","2,737","2,490","2,503","2,371","2,253","2,102","1,828","2,018","1,932","1,861","1,821","1,723","1,618","1,562","1,551","1,481","1,400","1,335","1,273","1,190","1,181","1,185","1,138","1,082","1,023",986,941,928,922,876,840,811,799,742,737,733,717,689,668,652,630,637,636,601,577,569,561,538,520,520,521,513,498,501,476,467,460,439,453,423,418,403,375,376,368,353,339,315,299,308,316,292,284,283,272,275,274,281,281,275,266,251,258,261,259,245,241,248,254,233,236,244,242,238,234,234,235,233,234,236,241,238,247,234,237,252,249,270,266,262,250,261,285,289,277,300,289,286,272,303,300,280,286,286,266,243,302,301,314,329,323,318,331,364,381,397,411,435,440,467,514,514,540,575,583,590,574,647,662,713,735,794,852,890,957,"1,001","1,023",935,"1,029","1,034","1,023","1,157","1,084","1,042","1,027","1,044","1,026","1,046","1,077","1,068","1,041","1,016","1,025","1,008","1,036","1,086","1,074","1,090","1,098","1,112","1,126","1,138","1,199","1,178","1,172","1,189","1,189","1,154","1,150","1,192","1,255","1,235","1,202","1,154","1,134","1,143","1,177","1,211","1,214","1,190","1,225","1,209","1,214","1,253","1,276","1,214","1,179","1,153","1,124","1,134","1,122","1,077","1,056","1,013","1,000",984,990,999,"1,001",983,948,927,894,906,934,925,904,884,885,867,878,894,853,849,864,879,882,896,918,965,959,979,969,993,"1,003","1,044","1,046","1,051","1,063","1,047","1,032","1,067","1,104","1,094","1,050","1,020","1,039","1,035","1,034","1,052","1,054","1,047","1,075","1,056","1,047","1,047","1,094","1,088","1,057","1,037","1,030","1,026","1,048","1,067","1,034","1,012","1,028","1,043",989,994,"1,099","1,095","1,074","1,083","1,069","1,057","1,087","1,102","1,134","1,136","1,163","1,193","1,185","1,253","1,360","1,349","1,372","1,460","1,534","1,573","1,666","1,819","1,904","2,036","2,097","2,260","2,295","2,425","2,640","3,024","3,310","3,477","3,636","3,666","3,744","3,848","3,993","4,074","4,053","3,989","3,819","3,867","3,930","3,826","3,797","3,662","3,572","3,464","3,464","3,537","3,385","3,179","3,059","2,918","2,677","2,743","2,792","2,762","2,685","2,602","2,537","2,466","2,448","2,492","2,468","2,451","2,370","2,321","2,230","2,262","2,310","2,291","2,211","2,122","2,042","2,003","2,015","2,071","2,031","2,004","1,972","1,899","1,832","1,829","1,799","1,809","1,776","1,712","1,661","1,576","1,572","1,579","1,575","1,573","1,553","1,529","1,476","1,496","1,595","1,624","1,641","1,619","1,653","1,632","1,728","1,823","1,867","1,902","1,920","1,930","1,934","1,977","2,074","2,114","2,089","2,112","2,110","2,072","2,118","2,266","2,324","2,330","2,434","2,448","2,417","2,433","2,511","2,497","2,487","2,489"
Midlands,218,279,382,438,584,691,970,"1,064","1,138","1,330","1,833","1,952","2,192","1,851","2,682","2,925","3,091","3,250","3,328","3,315","3,271","3,414","3,396","3,430","3,316","3,345","3,101","3,095","2,815","2,894","2,883","2,843","2,845","2,755","2,722","2,558","2,368","2,549","2,542","2,435","2,318","2,308","2,219","2,198","2,161","2,154","2,100","2,070","1,976","1,917","1,921","1,889","1,915","1,869","1,879","1,833","1,776","1,747","1,809","1,820","1,811","1,763","1,733","1,706","1,620","1,644","1,685","1,624","1,418","1,359","1,312","1,247","1,252","1,273","1,234","1,153","1,154","1,107","1,071","1,054","1,056","1,042","1,011",949,966,945,960,958,953,915,899,837,825,812,809,768,741,716,648,665,663,645,631,608,580,518,512,497,501,472,440,389,375,386,339,338,313,326,289,288,275,274,274,277,271,238,228,214,210,220,220,207,196,199,216,194,206,182,181,179,178,96,101,160,154,148,150,141,141,146,157,160,156,145,138,146,149,148,147,140,143,135,133,131,127,123,85,83,81,80,79,96,97,100,107,118,132,151,164,198,189,187,206,221,248,265,278,286,304,346,345,369,382,379,374,391,415,417,447,479,495,517,522,548,549,611,661,667,707,796,843,872,905,"1,003","1,090","1,148","1,230","1,301","1,379","1,449","1,330","1,700","1,935","1,871","1,950","2,010","1,929","2,044","2,350","2,332","2,339","2,345","2,453","2,545","2,634","2,605","2,805","2,948","3,039","3,126","3,183","3,274","3,335","3,395","3,425","3,329","3,320","3,401","3,414","3,406","3,378","3,245","3,203","3,079","3,120","3,130","3,084","3,054","2,843","2,967","3,021","3,087","3,109","3,128","3,103","3,135","3,107","3,076","3,276","3,286","3,097","3,191","3,292","3,289","3,293","3,203","3,389","3,447","3,405","3,368","3,228","3,233","3,329","3,515","3,694","3,876","3,944","3,808","3,959","4,065","4,499","4,553","4,629","4,521","4,934","5,136","5,294","5,524","5,630","5,741","5,799","5,890","5,955","6,077","6,278","6,325","6,350","6,380","6,341","6,245","6,338","6,330","6,165","5,940","5,810","5,664","5,590","5,586","5,503","5,383","5,186","4,986","4,769","4,477","4,529","4,550","4,430","4,258","4,021","3,840","3,608","3,612","3,534","3,466","3,325","3,280","3,190","3,080","3,036","3,080","3,003","2,875","2,776","2,648","2,518","2,483","2,458","2,304","2,181","2,043","1,928","1,803","1,766","1,736","1,653","1,565","1,483","1,401","1,356","1,324","1,303","1,249","1,204","1,100","1,052",969,965,948,896,826,773,765,736,712,709,669,631,606,563,536,525,530,529,502,491,464,440,433,431,400,364,353,339,332,323,326,300,301,275,259,252,241,252,237,241,232,218,189,213,215,214,201,195,186,179,183,187,185,182,157,155,146,145,144,134,143,137,144,141,151,154,134,135,141,138,126,131,133,139,138,125,135,124,119,116,123,124,133,136,138,145,150,141,144,157,166,166,156,205,194,192,184,189,199,219,229,220,226,229,254,273,304,319,334,375,389,419,441,456,499,525,601,602,634,667,669,730,749,763,815,858,805,854,959,966,971,976,931,901,911,946,925,897,899,873,871,898,921,922,958,967,998,980,"1,002","1,063","1,052","1,067","1,095","1,129","1,119","1,185","1,209","1,199","1,217","1,180","1,204","1,172","1,202","1,210","1,280","1,265","1,226","1,235","1,174","1,211","1,243","1,145","1,264","1,265","1,341","1,271","1,307","1,304","1,296","1,257","1,227","1,209","1,134","1,159","1,178","1,150","1,113","1,068","1,044",998,"1,009","1,011","1,012","1,003",965,930,883,971,973,"1,029","1,042","1,027","1,008",991,"1,040","1,073","1,086","1,086","1,075","1,099","1,119","1,161","1,198","1,219","1,263","1,253","1,289","1,291","1,308","1,331","1,331","1,320","1,310","1,336","1,313","1,370","1,398","1,357","1,335","1,352","1,328","1,262","1,294","1,311","1,290","1,287","1,264","1,264","1,233","1,220","1,252","1,231","1,201","1,188","1,198","1,200","1,215","1,217","1,194","1,165","1,181","1,148","1,121","1,145","1,158","1,196","1,092","1,140","1,158","1,137","1,155","1,154","1,167","1,197","1,187","1,165","1,208","1,215","1,165","1,260","1,234","1,202","1,167","1,133","1,147","1,177","1,247","1,256","1,247","1,268","1,271","1,345","1,443","1,571","1,687","1,866","2,122","2,189","2,356","2,518","2,673","2,709","2,882","2,943","2,951","3,038","3,145","3,155","3,093","3,074","3,085","3,046","3,042","3,122","3,101","3,051","2,907","2,832","2,771","2,708","2,753","2,670","2,609","2,613","2,582","2,476","2,477","2,526","2,514","2,436","2,421","2,358","2,280","2,243","2,231","2,240","2,139","2,101","2,033","1,939","1,905","1,953","1,852","1,808","1,731","1,727","1,689","1,697","1,708","1,676","1,657","1,606","1,568","1,528","1,547","1,609","1,581","1,530","1,519","1,506","1,483","1,487","1,557","1,568","1,594","1,582","1,582","1,606","1,630","1,747","1,836","1,859","1,898","1,934","1,919","2,009","2,149","2,175","2,287","2,410","2,421","2,453","2,523","2,716","2,766","2,837","2,767","2,897","2,889","2,995","3,125","3,131","3,195","3,180"
North East and Yorkshire,82,124,158,190,229,312,434,552,701,826,995,"1,124","1,293","1,378","1,841","2,095","2,303","2,129","2,209","2,413","2,661","2,403","2,520","2,541","2,577","2,545","2,500","2,454","2,303","2,327","2,309","2,216","2,322","2,236","2,186","2,132","2,123","2,061","2,104","2,070","2,036","1,985","1,989","1,965","1,945","1,928","1,863","1,787","1,703","1,623","1,593","1,512","1,607","1,551","1,520","1,444","1,464","1,348","1,327","1,336","1,306","1,229","1,144","1,113","1,057","1,051","1,080","1,064","1,017",991,951,910,917,916,902,863,811,751,734,732,741,718,707,617,661,618,604,609,601,561,549,526,500,501,520,497,488,457,422,436,451,667,412,381,382,368,365,336,332,329,313,313,305,306,303,289,272,257,255,237,250,245,209,166,167,171,136,172,126,128,127,127,122,117,117,120,115,123,128,132,111,117,117,121,114,108,114,108,102,102,99,90,88,82,82,154,82,83,79,79,83,80,84,82,82,81,84,86,89,89,90,100,84,92,95,117,130,143,155,155,188,208,214,226,254,285,303,313,337,379,393,420,444,429,474,502,544,584,586,673,741,790,836,804,874,940,"1,025","1,054","1,092","1,147","1,169","1,200","1,269","1,362","1,436","1,496","1,574","1,638","1,730","1,851","2,004","2,116","2,204","2,216","2,299","2,482","2,209","2,624","2,721","2,732","2,802","2,798","3,012","2,934","3,057","2,946","3,141","3,228","3,268","3,109","3,327","3,473","3,472","3,417","3,342","3,297","3,270","3,353","3,437","3,245","3,137","3,030","2,932","2,859","2,862","2,876","2,814","2,732","2,551","2,590","2,498","2,545","2,617","2,566","2,526","2,442","2,386","2,309","2,353","2,483","2,482","2,505","2,494","2,396","2,413","2,464","2,530","2,496","2,457","2,359","2,233","2,257","2,328","2,437","2,528","2,573","2,562","2,532","2,624","2,710","2,828","2,860","2,865","2,923","3,217","2,917","3,228","3,392","3,429","3,476","3,455","3,584","3,567","3,604","3,796","3,830","3,818","3,814","3,793","3,732","3,732","3,891","3,841","3,654","3,593","3,521","3,484","3,506","3,496","3,402","3,330","3,255","3,183","3,066","3,057","3,148","2,978","2,847","2,817","2,723","2,589","2,547","2,536","2,420","2,391","2,305","2,197","2,155","2,163","2,118","2,076","1,947","1,894","1,800","1,736","1,747","1,742","1,629","1,552","1,444","1,380","1,288","1,248","1,265","1,221","1,082","1,077","1,049","1,003",993,985,910,862,838,776,754,730,737,675,637,616,625,780,601,608,564,514,498,502,477,473,478,476,454,437,429,435,391,399,366,348,338,314,282,273,295,270,253,243,222,208,213,219,194,194,180,170,167,168,167,171,160,156,160,155,151,146,140,149,132,129,126,116,110,108,112,104,107,94,105,108,98,94,92,96,97,101,98,92,101,96,90,80,84,98,101,99,99,101,106,98,111,126,124,129,149,163,185,175,187,177,182,183,185,196,217,215,222,254,252,262,286,322,376,420,442,473,511,543,592,643,657,704,732,771,815,850,884,927,943,"1,026","1,050","1,069","1,152","1,168","1,137","1,134","1,111","1,112","1,117","1,146","1,097","1,055","1,065","1,020","1,011","1,029","1,063","1,027","1,048","1,040","1,027",954,971,"1,088","1,090","1,082","1,067","1,047","1,064","1,100","1,135","1,131","1,111","1,108","1,090","1,076","1,078","1,104","1,158","1,154","1,136","1,139","1,127","1,163","1,213","1,195","1,189","1,210","1,200","1,186","1,206","1,221","1,201","1,279","1,163","1,146","1,130","1,147","1,156","1,129","1,120","1,075","1,003","1,161","1,063","1,129","1,087","1,055","1,055","1,023","1,013","1,055","1,059","1,093","1,112","1,140","1,115","1,101","1,148","1,169","1,166","1,141","1,153","1,156","1,156","1,188","1,259","1,275","1,312","1,302","1,318","1,313","1,293","1,340","1,381","1,399","1,439","1,484","1,503","1,543","1,549","1,558","1,491","1,437","1,412","1,320","1,321","1,336","1,373","1,342","1,341","1,295","1,284","1,300","1,338","1,291","1,233","1,202","1,199","1,163","1,186","1,206","1,162","1,103","1,108","1,067","1,048","1,062","1,059","1,091",969,"1,001",947,933,933,954,937,927,923,890,884,880,906,880,865,875,828,833,825,847,844,854,814,853,796,847,889,"1,077","1,226","1,460","1,644","1,693","1,854","1,975","2,146","2,267","2,417","2,419","2,485","2,612","2,758","2,792","2,826","2,835","2,857","2,859","2,937","2,957","2,938","2,799","2,796","2,709","2,608","2,565","2,640","2,571","2,514","2,430","2,385","2,341","2,348","2,370","2,238","2,122","2,139","2,058","1,979","1,915","1,961","1,811","1,757","1,729","1,671","1,597","1,576","1,585","1,512","1,509","1,488","1,450","1,505","1,413","1,416","1,398","1,361","1,344","1,286","1,281","1,308","1,314","1,297","1,294","1,129","1,297","1,342","1,345","1,370","1,424","1,394","1,373","1,390","1,443","1,482","1,580","1,614","1,664","1,703","1,735","1,783","1,869","1,964","2,028","2,073","2,139","2,152","2,275","2,364","2,452","2,482","2,561","2,612","2,634","2,656","2,679","2,783","2,777","2,797","2,731"
North West,130,162,190,237,251,332,381,553,665,819,982,"1,143","1,451","1,530","1,714","2,134","2,288","2,529","2,620","2,576","2,754","2,901","3,008","3,014","3,065","3,026","2,861","2,965","2,599","2,833","2,836","2,810","2,718","2,621","2,573","2,490","2,437","2,429","2,456","2,298","2,350","2,309","2,282","2,327","2,196","2,236","2,192","2,075","1,947","1,925","1,918","1,826","1,907","1,826","1,800","1,739","1,716","1,655","1,667","1,670","1,707","1,647","1,590","1,566","1,537","1,509","1,519","1,515","1,432","1,377","1,344","1,313","1,309","1,309","1,301","1,276","1,217","1,194","1,120","1,076","1,075","1,038",939,936,922,919,912,926,880,876,839,826,814,782,801,780,759,708,693,653,658,641,619,603,562,517,449,440,438,399,362,334,341,312,297,307,286,282,259,263,245,233,242,235,375,231,224,229,222,220,217,205,206,195,191,188,181,181,183,160,160,154,136,161,154,145,149,148,138,137,118,113,105,106,102,108,103,99,98,81,89,89,103,102,114,119,116,130,133,136,142,167,169,176,177,184,201,198,257,274,292,314,315,340,359,398,424,461,506,540,560,562,631,637,686,688,704,758,852,930,"1,043","1,077","1,146","1,158","1,213","1,274","1,304","1,460","1,554","1,610","1,710","1,772","1,849","1,884","2,099","2,097","2,017","2,200","2,269","2,396","2,495","2,566","2,603","2,676","2,593","2,752","2,800","2,883","2,946","2,956","2,815","2,968","2,883","2,953","3,042","2,876","3,044","3,023","3,042","3,011","3,063","3,158","3,097","3,061","3,025","2,859","2,769","2,794","2,810","2,811","2,700","2,607","2,551","2,355","2,510","2,572","2,517","2,368","2,434","2,368","2,302","2,247","2,388","2,332","2,218","2,287","2,278","2,255","2,266","2,325","2,322","2,276","2,271","2,255","2,253","2,315","2,399","2,406","2,333","2,245","2,103","2,144","2,226","2,346","2,352","2,514","2,550","2,540","2,410","2,605","2,812","2,925","2,996","3,104","3,238","3,332","3,465","3,733","3,785","3,849","3,912","4,039","4,021","4,151","4,242","4,307","4,318","4,287","4,315","4,254","4,338","4,122","4,346","4,264","4,203","4,136","3,994","3,834","4,017","3,854","3,707","3,557","3,440","3,292","3,270","3,248","3,108","3,000","2,916","2,754","2,631","2,610","2,621","2,513","2,391","2,322","2,198","2,071","2,072","2,078","1,978","1,938","1,830","1,724","1,628","1,602","1,622","1,540","1,447","1,363","1,311","1,222","1,211","1,218","1,167","1,118","1,080","1,040",986,"1,002",992,952,911,847,819,779,766,787,749,723,693,678,632,622,648,632,591,558,512,495,499,507,481,457,434,422,360,352,351,373,358,330,309,276,275,281,264,247,236,229,216,215,217,202,196,196,188,178,172,181,203,178,166,177,172,164,163,159,158,152,151,152,149,152,142,151,155,153,158,158,174,174,166,173,173,170,171,184,184,196,192,202,210,223,245,246,256,271,272,300,323,328,349,379,388,411,384,412,436,445,437,444,429,442,466,498,479,489,498,514,506,524,561,570,600,596,648,655,703,738,772,771,788,794,754,786,800,807,819,835,830,827,879,871,897,872,862,870,828,864,888,863,840,826,818,816,827,863,864,824,799,815,795,813,835,849,904,882,895,862,880,937,922,898,889,864,854,882,903,949,924,962,975,938,962,966,967,943,933,983,902,887,973,933,972,958,955,916,888,913,859,850,845,829,825,788,870,858,834,793,786,788,744,773,814,803,779,779,772,788,808,757,827,830,825,834,891,919,913,958,977,990,993,"1,012","1,044","1,048","1,082","1,097","1,086","1,098","1,128","1,152","1,151","1,139","1,119","1,086","1,087","1,087","1,115","1,074","1,062","1,039","1,034","1,006","1,011","1,024",968,957,939,909,889,891,905,891,876,853,852,822,829,834,838,802,797,784,764,812,796,818,811,832,829,806,830,852,846,856,848,859,859,878,891,909,983,992,"1,008",901,945,"1,226","1,392","1,530","1,708","1,942","2,084","1,965","2,384","2,618","2,788","2,879","2,899","2,904","3,004","3,206","3,129","3,156","3,144","3,155","3,086","3,043","3,092","2,968","2,949","2,856","2,773","2,708","2,684","2,681","2,475","2,546","2,476","2,430","2,045","2,198","2,241","2,060","1,940","1,898","1,810","1,708","1,724","1,730","1,714","1,647","1,562","1,519","1,488","1,484","1,509","1,487","1,437","1,403","1,227","1,321","1,252","1,378","1,315","1,301","1,256","1,243","1,204","1,178","1,219","1,210","1,208","1,183","1,192","1,213","1,212","1,286","1,308","1,329","1,350","1,371","1,396","1,456","1,514","1,542","1,577","1,579","1,625","1,633","1,704","1,761","1,836","1,896","1,932","2,027","2,026","2,157","2,212","2,239","2,337","2,352","2,387","2,279","2,315","2,389","2,435","2,464","2,501"
South East,188,332,439,480,506,610,654,800,861,"1,076","1,284","1,535","1,461","1,715","1,683","1,848","2,037","2,055","2,280","2,290","2,174","2,297","2,285","2,342","2,346","2,347","2,262","2,245","2,205","2,250","2,278","2,261","2,185","2,164","2,034","1,909","1,849","1,775","1,831","1,791","1,657","1,655","1,648","1,544","1,523","1,553","1,499","1,421","1,351","1,279","1,206","1,181","1,196","1,168","1,126","1,092","1,073",982,966,959,940,903,907,924,851,880,826,851,821,765,753,694,700,720,701,689,671,648,634,604,605,574,556,539,511,480,489,476,474,467,431,430,373,395,381,370,338,342,286,303,297,309,282,273,279,279,256,253,251,252,242,244,235,227,222,222,215,215,201,203,194,198,200,193,179,167,157,143,141,118,135,141,136,132,123,122,122,111,106,78,77,80,72,82,68,59,63,72,72,71,69,70,65,64,64,51,53,54,50,48,47,39,37,39,42,39,38,39,43,40,44,53,47,48,53,59,63,61,71,78,64,72,82,74,79,91,87,94,104,110,102,114,117,103,103,98,109,100,108,119,121,134,144,162,163,175,189,204,225,233,263,279,228,326,325,358,339,405,456,477,483,528,541,566,589,617,665,713,711,751,770,783,821,820,947,958,"1,011",967,"1,066","1,122","1,173","1,182","1,205","1,227","1,246","1,272","1,300","1,313","1,395","1,403","1,437","1,397","1,429","1,420","1,430","1,494","1,423","1,481","1,442","1,426","1,496","1,549","1,619","1,692","1,726","1,796","1,859","1,945","1,975","2,118","2,141","2,195","2,282","2,372","2,321","2,554","2,749","2,848","2,868","2,997","2,925","3,126","3,370","3,544","3,796","3,949","4,022","4,034","4,231","4,501","4,730","4,379","4,902","5,023","5,074","5,161","5,373","5,467","5,546","5,577","5,487","5,528","5,419","5,387","5,493","5,509","5,397","5,033","5,337","5,200","5,207","5,237","5,040","4,811","4,614","4,443","4,347","4,213","4,344","4,143","3,836","3,632","3,475","3,222","3,175","3,165","3,018","2,831","2,710","2,561","2,261","2,455","2,451","2,342","2,349","2,116","2,025","1,902","1,875","1,860","1,859","1,686","1,624","1,548","1,451","1,413","1,354","1,248","1,184","1,116","1,063","1,000",972,983,937,883,846,798,733,742,713,676,649,618,579,549,525,517,506,461,377,404,369,364,364,321,309,276,253,241,234,221,208,210,184,172,162,151,152,144,138,133,123,121,116,120,124,109,110,116,115,125,123,120,114,115,105,96,82,84,82,86,62,76,69,62,64,63,50,58,54,55,56,62,57,55,46,50,50,50,56,55,55,54,52,56,54,58,60,58,63,65,63,63,69,74,54,61,46,48,49,44,56,58,60,59,54,57,60,64,56,60,66,65,69,67,68,85,88,97,103,114,113,139,143,170,164,156,158,180,206,227,238,261,272,286,316,315,326,359,337,402,429,446,456,468,455,476,450,466,461,452,453,426,431,427,435,445,474,439,449,436,449,476,496,507,516,548,537,529,562,590,547,603,592,596,545,567,612,625,652,657,691,673,675,704,697,647,655,598,587,601,608,602,571,563,523,478,479,434,456,432,437,432,430,404,405,447,435,437,415,402,426,444,440,431,427,430,421,430,414,462,468,477,497,487,542,578,611,652,675,669,678,717,761,792,785,800,800,834,822,832,841,842,872,847,835,836,857,855,851,842,845,838,855,865,819,783,792,777,739,763,775,775,761,751,723,743,752,782,764,770,801,815,834,850,877,847,852,877,863,859,880,889,880,835,828,806,800,818,828,857,830,822,819,794,803,926,"1,042","1,176","1,238","1,269","1,311","1,362","1,463","1,471","1,567","1,566","1,606","1,593","1,582","1,672","1,649","1,616","1,623","1,565","1,541","1,545","1,573","1,566","1,519","1,475","1,500","1,459","1,488","1,503","1,456","1,441","1,456","1,482","1,424","1,506","1,585","1,534","1,558","1,553","1,503","1,471","1,466","1,520","1,492","1,447","1,399","1,363","1,330","1,374","1,394","1,397","1,348","1,333","1,299","1,249","1,251","1,268","1,141","1,188","1,174","1,157","1,100","1,145","1,159","1,162","1,115","1,134","1,140","1,152","1,170","1,229","1,277","1,284","1,341","1,345","1,455","1,459","1,630","1,664","1,694","1,792","1,869","1,848","1,891","1,956","1,958","1,962","1,982","2,004","1,879","2,087","2,197","2,199","2,174","2,074","2,259","2,198","2,286","2,401","2,445","2,438","2,443"
South West,62,100,140,146,169,210,248,323,361,427,492,534,610,652,709,788,839,913,921,925,951,986,988,"1,037","1,047","1,076","1,080","1,052","1,053","1,024","1,022",997,981,963,905,868,843,823,792,788,733,709,678,658,681,683,670,614,579,528,535,520,535,501,486,477,473,443,454,463,451,438,439,381,382,376,366,352,320,306,285,271,267,260,260,259,247,240,235,210,195,181,169,142,144,134,129,130,124,112,106,97,93,89,84,86,74,77,74,65,69,73,71,62,56,54,57,62,59,50,40,44,36,32,32,33,29,28,27,26,34,29,30,29,24,23,21,20,22,26,24,24,22,22,21,23,23,23,26,22,20,18,19,20,16,15,15,18,17,24,19,19,18,18,18,22,20,18,17,17,15,14,18,17,18,15,13,12,12,11,14,14,13,14,15,14,19,17,17,15,19,14,16,20,25,29,34,38,35,36,37,40,38,42,35,36,39,50,57,63,64,70,69,83,94,99,110,112,122,127,156,163,168,198,217,225,245,257,264,271,310,342,380,401,418,453,461,511,534,539,555,582,629,678,719,765,797,814,848,891,930,896,891,990,"1,001","1,008",964,986,"1,025","1,038","1,020","1,017",996,899,988,"1,016",971,926,906,905,877,887,912,907,913,901,913,843,946,"1,005","1,005","1,021","1,025","1,026","1,051","1,076","1,112","1,102","1,108","1,106","1,031","1,045","1,058","1,103","1,124","1,166","1,177","1,199","1,236","1,323","1,401","1,414","1,499","1,557","1,593","1,680","1,792","1,936","1,946","2,054","2,129","2,244","2,269","2,249","2,366","2,337","2,347","2,311","2,273","2,218","2,253","2,300","2,236","2,094","2,031","1,989","1,941","1,926","1,913","1,832","1,752","1,640","1,560","1,487","1,478","1,452","1,368","1,274","1,178","1,109","1,029","1,010","1,026",966,930,872,824,775,758,743,631,640,610,569,492,477,471,436,405,378,325,304,297,313,283,258,259,242,229,235,232,207,192,191,180,176,170,176,161,156,148,135,127,123,125,120,113,110,106,108,101,108,95,86,78,79,73,71,66,70,70,65,76,77,70,74,71,68,66,72,69,67,63,49,52,46,44,41,42,44,39,33,31,32,27,30,31,26,27,17,18,14,15,15,16,12,15,18,15,16,18,23,19,16,13,16,14,15,16,18,16,13,14,18,18,18,16,21,18,18,19,24,22,23,31,36,32,33,44,44,47,53,62,44,61,70,76,81,83,89,88,99,108,100,104,99,105,113,120,133,159,160,170,182,204,210,228,223,238,244,254,256,264,293,321,342,322,333,316,308,330,333,317,325,339,324,345,345,349,368,356,369,379,399,409,398,400,400,391,411,427,431,432,427,443,455,467,466,460,479,471,471,470,494,497,521,482,501,514,507,512,512,515,491,486,479,451,447,430,442,416,393,362,338,329,324,328,350,341,345,334,322,331,347,338,358,359,400,413,425,440,449,433,444,446,452,469,520,549,571,565,558,548,556,597,600,613,617,637,648,667,696,711,672,637,613,596,591,621,625,598,576,567,538,572,572,540,547,553,560,560,599,611,592,571,568,576,563,539,574,578,564,562,551,543,542,559,571,572,579,572,569,566,582,565,576,570,524,522,514,519,511,491,484,486,464,490,541,562,608,673,699,703,671,772,805,852,852,867,855,856,912,921,941,908,920,924,945,957,913,882,886,847,838,871,898,882,911,835,830,798,831,869,867,891,870,837,820,827,857,834,802,788,746,708,727,745,765,754,776,759,704,723,742,697,696,680,698,691,728,746,726,749,767,805,815,849,905,923,923,918,961,966,"1,018","1,081","1,114","1,066","1,165","1,166","1,181","1,218","1,365","1,353","1,402","1,442","1,495","1,520","1,582","1,644","1,662","1,691","1,671","1,649","1,603","1,580","1,536","1,462","1,427","1,446"
